-439.52,-360.4,0,2
-404.4545,-335.3182,0,2
-413.4444,-373.2593,0,2
-348.0526,-417.0526,0,5
-373.6,-403.6667,0,5
-305.1364,-324.3636,0,2
-377.0714,-384.1429,0,2
-346.0714,-384.6429,0,5
-435.6842,-334.7895,0,5
-327.375,-427.5,0,5
-363.7333,-386.2,0,5
-469.0,-315.2,0,5
-481.6667,-210.0833,0,2
-342.0526,-132.8421,0,5
-433.125,-216.25,0,5
-413.625,-158.5625,0,5
-416.5,-252.5714,0,5
-441.381,-181.7143,0,5
-497.4375,-135.5,0,5
-383.1333,-285.1333,0,5
-328.7368,-204.5789,0,5
-422.6,-136.7,0,2
-373.1111,-245.0556,0,2
-460.4375,-280.75,0,5
-463.6842,-208.5263,0,5
-457.1364,-151.3182,0,2
-363.875,-245.1875,0,2
-386.1364,-213.8182,0,5
-398.1364,-249.4545,0,5
-489.7368,-192.4737,0,5
-479.8889,-237.3889,0,5
-424.2857,-178.1429,0,2
-411.8,-198.4,0,1
-457.2778,-209.6667,0,1
-344.0556,-111.3889,0,5
-476.9375,-281.5625,0,2
-317.1176,-142.2353,0,2
-482.0952,-161.7619,0,2
-307.375,-204.9375,0,5
-478.875,-263.9375,0,2
-498.05,-166.4,0,5
-328.5909,-126.7273,0,2
-336.15,-124.7,0,5
-386.0,-156.5,0,4
-463.9048,-227.6667,0,2
-311.7333,-131.1333,0,2
-350.0,-275.6923,0,2
-433.6875,-176.0,0,5
-457.8571,-264.0,0,5
-396.8636,-213.8636,0,5
-447.9375,-171.5,0,5
-320.6667,-189.4667,0,5
-316.125,-165.625,0,2
-307.0588,9.0588,0,5
-491.0,90.7059,0,5
-472.9091,-8.0909,0,5
-315.45,28.95,0,5
-406.0,31.2143,0,5
-449.4545,-47.7273,0,5
-478.4,81.0,0,2
-375.5882,-79.8824,0,2
-384.913,-3.6087,0,2
-456.9444,-18.6667,0,5
-493.2222,28.3889,0,5
-444.2222,49.2222,0,2
-495.6316,38.1053,0,5
-444.35,6.0,0,5
-362.8235,-43.7059,0,5
-467.6316,-28.0,0,5
-377.1765,0.0,0,5
-393.3684,58.3684,0,1
-479.6875,-13.0625,0,2
-448.1053,-61.6316,0,2
-410.7059,20.8235,0,5
-353.6923,6.1538,0,5
-363.25,-83.7917,0,3
-372.1,-24.05,0,5
-428.65,-70.9,0,5
-494.0,-63.2778,0,2
-475.7143,89.7857,0,5
-397.25,46.9,0,2
-400.5294,0.7647,0,2
-330.4737,-92.4211,0,5
-329.5333,67.4,0,5
-435.1667,-29.7917,0,2
-343.2667,-81.3333,0,2
-402.3158,-15.6842,0,5
-350.2143,68.3571,0,5
-382.5333,97.2667,0,2
-437.5385,30.1923,0,5
-412.2857,96.0714,0,5
-491.75,-0.9375,0,5
-335.25,-93.9167,0,3
-429.7895,-55.0,0,5
-380.7857,19.5714,0,5
-479.3571,-19.2857,0,5
-451.0667,63.0667,0,5
-408.8095,55.0952,0,2
-486.5882,61.9412,0,2
-445.1667,65.9444,0,5
-478.75,-44.625,0,5
-485.9565,-34.913,0,2
-438.1579,74.7368,0,2
-450.5833,-69.5,0,5
-476.875,42.0625,0,5
-472.4286,176.3333,0,5
-474.5,122.3125,0,5
-374.25,111.3125,0,2
-371.8889,176.6667,0,2
-404.2222,184.1111,0,5
-475.2381,269.7143,0,5
-402.8947,244.0526,0,5
-346.7857,130.2857,0,5
-463.6296,143.7778,0,3
-380.1667,181.2222,0,5
-378.3125,200.0625,0,5
-458.625,242.875,0,5
-437.0,280.4286,0,2
-386.8182,201.0455,0,5
-491.375,149.125,0,5
-434.1176,257.4118,0,2
-411.125,107.625,0,5
-453.45,204.95,0,5
-412.0,134.7727,0,2
-429.8667,206.8,0,5
-339.5714,136.381,0,5
-401.9474,167.3684,0,2
-444.5333,224.0,0,5
-365.8571,112.9286,0,2
-461.2692,259.1154,0,5
-361.3,149.65,0,5
-494.6154,281.6154,0,5
-498.1429,266.5,0,5
-476.0,248.5625,0,3
-324.5238,171.0952,0,5
-408.5,274.375,0,5
-422.35,207.65,0,5
-490.5,230.1667,0,5
-472.7857,220.8571,0,5
-406.4118,215.0588,0,2
-318.6667,160.2222,0,2
-471.619,151.4762,0,5
-464.4444,173.9444,0,2
-410.6,202.8,0,5
-440.1429,212.2857,0,2
-366.4286,280.1429,0,5
-417.6667,115.4,0,5
-475.8571,216.2857,0,1
-456.5714,173.8095,0,2
-486.0833,242.75,0,5
-466.0,306.2632,0,5
-316.8824,311.2941,0,2
-348.7727,484.1364,0,3
-380.0435,330.4783,0,5
-411.2917,340.2917,0,2
-426.5,378.5,0,5
-353.4286,311.0714,0,5
-388.3077,434.3077,0,5
-398.0,337.95,0,5
-396.625,410.6875,0,5
-390.8421,363.8947,0,5
-328.4815,376.6667,0,2
-368.1739,438.1304,0,5
-324.8462,323.8462,0,2
-328.9565,391.0435,0,5
-441.1304,312.3043,0,2
-444.9474,378.0,0,5
-355.3333,397.7222,0,5
-319.3333,399.9524,0,5
-376.0476,395.9048,0,5
-484.7368,318.7895,0,5
-429.2778,320.5,0,5
-462.2,329.6,0,2
-358.875,373.0625,0,3
-385.2381,343.619,0,2
-405.6875,328.8125,0,5
-449.8421,359.4737,0,5
-353.7391,324.2609,0,5
-401.8571,380.0,0,3
-425.0,391.5833,0,5
-436.8235,371.5294,0,3
-457.0417,364.7083,0,5
-429.3333,366.5,0,5
-373.3333,416.0476,0,2
-414.7222,395.5556,0,3
-334.9286,338.0714,0,5
-399.125,346.5,0,5
-133.3889,-494.1667,0,5
-226.3889,-491.6667,0,5
-145.8824,-455.9412,0,5
-172.65,-493.1,0,1
-208.8889,-387.7222,0,5
-167.7222,-476.5556,0,5
-111.5333,-353.2667,0,5
-260.4444,-474.0556,0,5
-199.7778,-427.7037,0,2
-223.6316,-384.7895,0,2
-232.4,-427.2667,0,2
-270.75,-464.25,0,1
-291.3,-428.55,0,5
-135.0455,-483.2727,0,1
-120.3889,-399.3889,0,1
-285.1667,-425.7917,0,2
-141.7333,-309.1333,0,5
-275.0455,-314.6364,0,2
-122.7857,-305.4286,0,5
-222.4286,-373.4286,0,5
-215.9375,-459.1875,0,5
-214.0,-412.6818,0,2
-182.9375,-400.5625,0,5
-259.0,-493.1333,0,5
-188.6667,-423.619,0,5
-182.3846,-497.3077,0,5
-103.7692,-426.1538,0,5
-272.75,-479.3333,0,5
-235.4706,-490.8235,0,2
-252.7857,-480.7857,0,1
-223.1667,-422.6667,0,5
-219.8571,-415.0,0,2
-135.3077,-341.8462,0,5
-227.2667,-431.9333,0,2
-188.9375,-378.375,0,5
-275.75,-450.2,0,2
-282.8261,-308.5652,0,2
-220.5714,-405.0714,0,5
-107.2143,-421.0714,0,5
-179.1176,-432.1176,0,2
-248.7778,-353.7778,0,5
-101.75,-404.3333,0,5
-173.3529,-117.5294,0,2
-173.4348,-237.5652,0,2
-206.875,-258.5,0,2
-206.7,-113.5,0,5
-291.4286,-152.381,0,1
-221.5714,-169.4286,0,5
-129.0,-190.8125,0,5
-147.5333,-102.0667,0,5
-159.875,-110.75,0,2
-116.7857,-225.6429,0,5
-271.0526,-160.1579,0,3
-132.4118,-153.5882,0,5
-190.8125,-139.625,0,2
-177.6429,-224.8571,0,5
-291.25,-141.3333,0,5
-197.2353,-198.0588,0,2
-202.7368,-164.3158,0,2
-227.3,-170.6,0,5
-118.3333,-140.6667,0,5
-286.6667,-161.6667,0,5
-258.9,-178.1,0,2
-108.8333,48.6667,0,5
-199.7727,-82.5455,0,5
-248.8333,3.2222,0,5
-226.7143,93.0952,0,2
-250.913,-57.2174,0,1
-198.9333,18.2,0,2
-212.8235,59.8235,0,5
-283.5909,80.3182,0,2
-224.3636,-20.4545,0,5
-164.8,71.6,0,5
-119.7778,10.8889,0,2
-211.3333,-86.7222,0,5
-207.0526,-76.6842,0,2
-275.7917,61.2083,0,2
-174.2778,-55.5,0,5
-127.0833,-66.0,0,5
-141.5625,-47.125,0,5
-214.52,-25.4,0,5
-274.875,12.0833,0,2
-214.25,97.6875,0,2
-283.875,59.125,0,2
-146.9286,16.0714,0,2
-193.5238,-56.1905,0,5
-254.2778,72.5556,0,2
-286.5833,43.6667,0,5
-253.6,34.2,0,5
-128.6364,241.0,0,2
-106.2917,180.25,0,5
-194.5,150.4444,0,5
-287.9375,205.875,0,5
-209.5,232.4444,0,5
-261.8421,173.7895,0,5
-292.1176,217.3529,0,5
-283.4444,252.0,0,5
-128.5294,277.2353,0,5
-262.6875,117.6875,0,1
-222.0588,200.9412,0,5
-186.8696,185.5217,0,2
-201.3333,277.7778,0,5
-140.2778,278.0,0,5
-114.5,171.25,0,5
-243.4286,254.8571,0,2
-220.5625,222.625,0,5
-134.0,227.4286,0,5
-165.6667,203.3333,0,5
-146.5909,249.5455,0,2
-232.0526,143.3684,0,5
-174.5625,360.0,0,5
-138.8333,379.8333,0,5
-147.7391,336.3043,0,5
-158.1765,402.9412,0,5
-132.7368,391.8421,0,5
-234.5556,359.1111,0,1
-292.5263,413.7368,0,2
-162.2857,363.0,0,2
-173.4737,419.6842,0,5
-223.4783,351.5217,0,5
-259.6875,462.1875,0,5
-200.2857,392.0,0,5
-183.4286,403.3571,0,5
-122.0588,390.4118,0,5
-166.5385,460.0,0,5
-256.2941,352.4706,0,2
-228.7647,456.5882,0,5
-247.8235,406.5294,0,5
-193.0,410.8,0,5
-135.0,479.1538,0,5
-218.5789,472.3684,0,5
-200.5238,338.619,0,5
-253.5385,342.8462,0,5
-245.0385,393.5385,0,2
-188.625,404.1875,0,5
-160.7857,407.7143,0,5
-159.5,352.4375,0,1
-194.8462,442.1538,0,5
-193.7333,336.8667,0,5
-233.1538,312.6923,0,2
-265.7222,427.7778,0,5
-285.6,412.3,0,5
-259.3103,359.931,0,5
-116.4737,463.8421,0,2
-219.1579,402.3684,0,2
-61.5652,-411.5652,0,1
-46.0556,-361.0,0,1
-46.0,-456.3889,0,5
42.6957,-402.9565,0,5
-20.2222,-457.2222,0,5
4.5,-392.0,0,5
65.0,-303.8667,0,3
37.0952,-382.7143,0,5
-4.4444,-408.4444,0,1
-42.5,-489.7778,0,5
-50.5,-447.2143,0,5
50.3684,-328.7368,0,5
-48.6111,-400.5,0,5
-14.1333,-392.6,0,5
28.4615,-391.1538,0,2
-13.2632,-451.6316,0,5
-49.6154,-417.0769,0,5
39.5556,-395.3333,0,5
-61.6316,-401.2632,0,2
-2.5333,-368.6667,0,5
-15.2667,-399.4,0,5
-3.5833,-403.25,0,1
18.2941,-410.9412,0,5
2.0,-403.0,0,1
64.7222,-172.7222,0,5
29.9048,-285.619,0,5
42.05,-253.35,0,5
28.1053,-294.3684,0,5
-49.0667,-268.0,0,5
-49.0833,-284.9167,0,5
-23.4,-199.8,0,5
28.5,-265.7,0,5
-55.7333,-147.3333,0,5
-36.3125,-209.0625,0,5
-35.6111,-283.5556,0,2
-19.1579,-278.3158,0,5
-15.25,-102.6875,0,5
58.3529,-206.8235,0,5
-39.7,-200.25,0,5
-26.1739,-167.4348,0,2
85.5,-197.0,0,5
-5.0769,-192.0,0,5
-1.3333,-279.6,0,5
88.4,-253.9,0,5
-28.7857,-272.6429,0,5
-94.2353,-107.0588,0,1
-95.1875,-192.75,0,5
-75.3333,-284.9167,0,5
80.2353,-250.1176,0,5
75.0,-192.25,0,5
18.0909,-208.0455,0,2
-85.8824,-133.1176,0,2
23.9412,-279.8235,0,1
-21.5714,-206.4286,0,5
-85.3889,4.7222,0,5
-45.6111,31.7778,0,5
26.5,49.85,0,5
-52.4211,-32.3684,0,5
97.1579,30.6316,0,5
3.7647,19.3529,0,5
-56.5,35.7778,0,5
31.75,-31.625,0,5
-26.1905,-68.5238,0,5
25.95,16.1,0,5
63.2143,9.0,0,5
-68.3,-53.7,0,5
-53.3333,14.6667,0,2
-6.1364,-45.8182,0,5
41.7222,-11.3333,0,5
35.0476,-54.9048,0,2
62.25,-74.1,0,5
-40.0556,-10.8889,0,5
-25.2963,-49.5185,0,5
-92.5,-78.9375,0,5
-78.9412,69.1176,0,5
-0.6818,-70.5909,0,5
97.2857,-53.7143,0,5
43.5,-48.6667,0,5
77.1538,8.0769,0,5
29.6364,29.1364,0,2
21.3077,0.0,0,3
78.913,-90.3478,0,2
-50.5,-65.4286,0,5
-49.1429,-52.2857,0,5
23.2105,107.4737,0,5
-95.0588,117.9412,0,2
-62.3571,204.9286,0,2
30.3478,219.4348,0,5
74.85,127.95,0,3
39.25,225.85,0,2
18.7059,186.3529,0,5
-14.95,268.95,0,5
-9.4286,195.1905,0,1
-53.9,214.35,0,5
52.7,135.75,0,1
9.2941,209.1176,0,5
36.2273,111.2273,0,5
49.125,111.5,0,5
-47.0,224.6667,0,5
34.4444,199.1667,0,5
-47.4545,280.1364,0,5
-32.0,160.5385,0,5
-6.25,149.9167,0,2
-2.7222,278.1111,0,5
92.9412,235.0,0,5
-27.9412,199.9412,0,5
23.0,254.4211,0,5
78.4,145.6667,0,5
-52.1818,120.8182,0,2
43.6957,468.9565,0,5
-10.0526,408.7368,0,5
-72.1579,475.4211,0,5
-31.2778,425.3889,0,5
59.1111,327.8333,0,5
35.2381,421.9048,0,5
-56.4,443.1,0,1
-33.3,446.35,0,5
20.6,411.55,0,5
18.0952,440.6667,0,2
-89.8,368.25,0,5
-33.0714,378.5,0,5
88.0556,333.0,0,5
-24.6471,312.1765,0,5
79.8571,315.1905,0,5
-89.7222,319.0556,0,2
-44.0588,416.4706,0,5
4.1875,451.625,0,1
-0.1429,394.0714,0,2
-13.9333,336.6667,0,5
-92.9524,377.5238,0,5
-90.6923,306.8462,0,2
84.2,323.5333,0,5
13.35,469.05,0,5
-21.8,338.9333,0,5
72.6429,443.8571,0,5
-14.4286,423.5714,0,2
-73.4,354.76,0,2
-53.6667,357.7143,0,5
3.6842,489.4211,0,5
29.3529,485.7647,0,5
-94.7778,477.2778,0,2
-54.625,451.875,0,5
70.4828,469.0345,0,5
-65.6111,416.3333,0,5
1.2083,428.75,0,5
98.375,315.625,0,5
-72.4286,423.2857,0,3
-86.55,403.95,0,5
19.3,475.0,0,5
0.5294,475.0,0,5
120.1579,-476.4211,0,5
282.7727,-486.3182,0,3
224.3,-421.55,0,1
206.381,-352.7143,0,4
243.1667,-475.7083,0,4
279.75,-334.6875,0,5
264.8,-316.5,0,5
285.2632,-346.7368,0,2
234.2105,-353.5263,0,5
198.6875,-375.75,0,5
215.2222,-455.1111,0,3
191.8947,-444.2632,0,5
266.3333,-402.2222,0,5
261.1667,-346.0833,0,2
212.1905,-493.6667,0,5
224.381,-317.4762,0,5
241.625,-447.5,0,5
209.25,-454.3333,0,5
270.4545,-441.4545,0,5
244.2857,-349.8095,0,2
224.9524,-444.2381,0,5
211.3158,-409.4737,0,2
267.8824,-350.7059,0,2
198.1429,-469.381,0,5
210.2,-301.8,0,2
230.3636,-306.2727,0,5
201.0,-410.7273,0,5
204.7647,-377.0588,0,2
203.1,-498.0,0,1
223.6667,-333.125,0,2
220.3333,-302.4667,0,5
234.5217,-440.4348,0,5
232.2273,-463.6818,0,5
119.0625,-187.75,0,3
193.8095,-154.7143,0,5
105.7222,-119.1111,0,5
178.25,-214.4,0,5
194.2222,-103.8333,0,5
125.1667,-272.5,0,5
268.3462,-168.7692,0,5
288.6364,-240.5455,0,5
258.2632,-162.7368,0,1
210.2222,-275.7222,0,5
276.6471,-115.5294,0,5
114.3333,-176.1333,0,5
211.7,-171.5,0,5
176.85,-196.65,0,5
157.3103,-203.8621,0,2
107.4737,-281.6316,0,1
179.4286,-161.3333,0,1
185.0952,-198.2381,0,5
236.6154,-216.6923,0,5
136.1875,-155.875,0,5
197.9,-198.75,0,5
208.3,-180.0,0,5
142.8889,-135.5556,0,5
252.9167,-194.9167,0,5
224.4,-196.6667,0,5
204.5833,-192.0,0,5
190.2941,-126.4118,0,5
283.625,-274.9375,0,5
178.7857,-226.0714,0,5
242.6,-154.6667,0,5
124.1111,-102.8333,0,5
173.0,-221.4706,0,5
225.6471,-226.9412,0,5
133.0,-104.625,0,5
292.0556,-9.1111,0,5
295.1667,5.0556,0,4
183.125,72.4375,0,5
224.3333,-74.619,0,5
215.8333,-46.2917,0,5
259.4375,19.8125,0,5
280.9,2.35,0,5
249.5,79.9444,0,5
179.7222,-17.0556,0,2
117.0714,-71.5,0,5
200.5,-70.6429,0,5
149.6,-90.4,0,5
185.0556,-25.3889,0,5
213.2143,68.4286,0,5
230.4,81.7,0,5
298.5,-12.1667,0,4
161.4167,-46.1667,0,5
298.7273,-3.6364,0,4
203.9474,238.3684,0,5
174.1176,213.0,0,5
259.7368,211.0,0,5
135.6667,278.125,0,5
169.5833,296.1667,0,5
253.2222,200.3333,0,5
254.1579,157.1579,0,5
131.8,151.4,0,5
228.9286,250.0714,0,5
198.1905,179.4286,0,5
283.2353,180.4118,0,5
224.1176,209.1765,0,5
249.7368,289.3158,0,5
209.625,221.3125,0,5
198.75,162.1,0,5
222.5652,165.4348,0,5
170.6471,152.7059,0,5
127.65,219.35,0,2
278.0588,226.5882,0,5
218.3333,203.8,0,5
225.0,191.875,0,5
236.2941,276.4706,0,5
170.7273,266.4545,0,3
199.6429,226.7143,0,5
204.6842,263.8947,0,5
261.3571,174.2143,0,5
203.4706,250.5882,0,5
277.9091,221.0,0,5
177.4286,150.1429,0,5
256.9091,298.3636,0,1
170.1111,484.5556,0,5
153.6087,337.6957,0,5
201.05,317.8,0,5
202.7857,386.8571,0,5
236.2105,349.4737,0,5
262.0625,335.625,0,5
291.7143,313.0714,0,5
162.5714,375.0714,0,5
263.5455,308.5,0,5
294.0476,399.0,0,5
184.84,308.88,0,5
175.25,381.95,0,1
110.2759,426.0345,0,2
202.7222,402.2778,0,5
194.7143,406.9286,0,5
233.7778,324.3889,0,5
179.5625,348.25,0,5
287.0625,483.25,0,5
184.1667,486.7778,0,2
176.95,392.7,0,5
201.0667,483.3333,0,5
217.6364,436.9091,0,2
203.125,447.4375,0,5
280.2667,396.5333,0,5
153.6087,385.1739,0,5
135.4737,498.5263,0,5
205.8,376.6,0,5
208.5455,394.2727,0,5
256.1905,416.5238,0,5
156.75,421.625,0,1
211.1176,321.3529,0,5
270.5556,403.3333,0,5
209.0,426.4545,0,2
229.3889,444.1667,0,5
260.1304,441.8696,0,5
234.1875,415.75,0,5
198.0,439.7333,0,5
298.5,328.0,0,1
179.8,499.2,0,5
391.1579,-384.4737,0,1
465.7826,-332.1304,0,5
353.3684,-382.0526,0,5
401.5556,-447.5556,0,5
383.9444,-440.3333,0,1
309.2381,-391.7619,0,5
366.2308,-304.2308,0,5
340.2917,-430.9167,0,3
407.3182,-359.1818,0,5
343.15,-463.85,0,5
370.6471,-407.1176,0,5
379.0667,-407.9333,0,5
388.0,-330.0,0,5
437.0526,-334.0,0,5
375.125,-438.4375,0,1
412.1176,-409.7647,0,5
380.2222,-331.5556,0,5
390.4,-320.9333,0,5
445.3158,-363.7368,0,5
433.0,-412.5,0,5
313.3333,-419.3889,0,5
394.125,-423.875,0,5
430.4211,-321.7895,0,5
374.9231,-461.8462,0,5
358.0476,-424.0,0,5
346.875,-455.75,0,5
348.7857,-482.7857,0,5
410.0769,-336.5385,0,4
306.0556,-329.8889,0,5
439.5385,-386.5385,0,4
443.8,-347.8667,0,5
370.3182,-343.4545,0,2
442.9286,-381.0,0,4
400.4118,-382.1176,0,5
396.3889,-323.5,0,5
350.7,-470.7,0,5
387.1538,-354.9231,0,5
331.4286,-206.5714,0,5
402.2778,-245.1111,0,5
481.0556,-143.4444,0,5
384.9474,-166.3158,0,5
315.7059,-263.4118,0,5
388.75,-280.25,0,5
371.0,-244.0952,0,5
392.6667,-210.381,0,5
334.2778,-137.8889,0,5
415.5909,-145.0455,0,2
378.8,-160.8,0,5
410.6667,-155.3889,0,5
409.5714,-271.6429,0,5
457.6471,-116.1176,0,5
306.5789,-240.4211,0,5
383.5263,-122.7895,0,5
427.5,-116.5,0,5
447.3846,-115.5385,0,5
316.3571,-272.2143,0,5
369.2,-202.675,0,5
349.6667,-215.5714,0,5
364.0909,-120.6364,0,2
444.3684,-123.0526,0,5
402.6429,-283.4286,0,5
425.6364,-46.4545,0,5
351.3913,42.5652,0,5
472.6111,60.5,0,5
330.7083,61.125,0,1
372.75,16.3,0,5
402.08,-61.36,0,5
372.0,-19.2667,0,5
393.5217,-1.0435,0,5
449.5,-43.2273,0,5
358.6818,-66.8182,0,2
378.4211,65.6842,0,5
452.9375,-94.125,0,5
488.6667,-86.375,0,5
414.1364,24.9091,0,3
342.625,-43.375,0,5
464.0,95.625,0,5
490.4667,4.0,0,5
406.1154,-47.6154,0,5
342.4706,-70.4118,0,5
490.1333,16.5333,0,5
384.4,-92.9333,0,5
319.875,-90.25,0,5
318.7222,-42.6667,0,4
482.9048,27.2381,0,5
383.0,-59.35,0,5
482.0,64.1579,0,5
419.5806,-0.2581,0,5
345.2353,-27.5882,0,5
485.0952,-37.2857,0,5
442.1818,-61.1818,0,5
328.5333,-90.8667,0,5
361.4,-39.85,0,5
494.4667,-1.0667,0,5
483.4615,-2.3077,0,5
432.4706,28.0588,0,5
436.05,65.1,0,5
487.8333,-13.75,0,5
390.0588,-46.1176,0,5
497.1333,-25.4667,0,5
378.0833,-55.0,0,5
487.6522,212.7826,0,5
456.1333,249.8,0,5
338.7778,202.2778,0,5
181.7895,250.8421,0,5
407.8333,127.8333,0,1
332.1111,294.2222,0,5
419.0625,221.3125,0,5
394.0833,143.0,0,5
485.8947,162.9474,0,5
440.8,231.4,0,5
386.7647,162.3529,0,5
373.1176,158.5882,0,5
350.2222,232.7222,0,5
320.2381,245.1429,0,5
133.6818,278.8182,0,5
351.4118,217.3529,0,5
467.2857,138.9286,0,5
493.0,166.25,0,5
385.1176,136.8824,0,2
318.9333,157.5333,0,5
415.5652,214.6522,0,1
454.4375,288.375,0,5
424.6,200.8,0,5
473.2,181.8,0,5
460.6875,281.375,0,2
440.75,150.8125,0,5
306.7333,146.2,0,5
454.5385,269.3077,0,5
344.9444,255.9444,0,2
442.6111,124.2222,0,5
322.2143,174.0,0,5
446.2143,156.4286,0,5
333.0769,154.8462,0,5
381.0,224.6667,0,5
483.75,299.0,0,5
344.4286,248.7857,0,5
438.4706,166.9412,0,5
386.2353,176.1176,0,5
321.75,305.95,0,1
441.75,313.375,0,5
429.1176,310.2941,0,5
398.3158,329.8421,0,5
314.8947,389.1579,0,5
474.5,310.35,0,5
319.0588,366.0588,0,2
309.3333,345.2,0,5
435.5238,362.7619,0,5
364.2105,390.2105,0,5
468.2222,353.1667,0,5
439.5,379.5,0,5
431.75,387.5833,0,5
316.7692,379.3077,0,5
446.7647,378.5882,0,5
-284.1429,-385.5714,0,5
-335.625,-423.9375,0,5
-257.3333,-463.75,0,5
-322.9333,-413.3333,0,5
-282.2,-343.65,0,2
-267.1176,-490.2941,0,5
-246.7059,-429.6471,0,5
-236.375,-483.125,0,1
-321.2778,-432.8889,0,5
-208.3333,-407.4667,0,2
-313.0,-376.8571,0,5
-350.3846,-376.8462,0,5
-247.5,-483.9286,0,2
-369.8667,-384.2,0,2
-348.1923,-345.3077,0,2
-331.5333,-322.4,0,5
-306.6923,-439.1538,0,5
-326.2353,-443.2941,0,5
-337.0909,-395.5455,0,2
-294.5625,-341.75,0,5
-323.5,-307.3571,0,2
-244.2,-441.6667,0,5
-229.7692,-483.4615,0,5
-298.55,-427.05,0,5
-350.2778,-423.2222,0,2
-238.7222,-428.6111,0,2
-367.8333,-402.5,0,5
-257.8571,-325.6667,0,5
-270.5238,-438.1905,0,5
-308.2632,-349.8947,0,2
-374.8,-346.9,0,5
-372.35,-152.35,0,5
-359.85,-141.5,0,5
-272.6957,-198.0435,0,5
-271.9444,-232.2222,0,5
-266.9,-176.35,0,2
-378.96,-125.64,0,1
-250.5417,-230.9583,0,5
-383.0,-251.5,0,1
-203.5417,-128.5833,0,5
-218.1111,-196.0556,0,5
-339.7619,-257.5714,0,2
-390.25,-145.1875,0,3
-301.4,-200.8,0,5
-316.4444,-122.1111,0,2
-277.1053,-238.3684,0,5
-214.0588,-242.9412,0,2
-312.2941,-193.8235,0,2
-292.7727,-197.7273,0,5
-341.3,-269.25,0,3
-308.0,-163.3333,0,5
-332.05,-175.15,0,1
-319.4286,-232.0,0,2
-341.8421,-204.5789,0,2
-311.2778,-221.0,0,5
-257.9286,-167.1429,0,5
-229.1875,-144.4375,0,2
-320.6,-172.4,0,5
-233.6471,-220.5294,0,5
-326.6111,-147.5,0,5
-265.8947,-120.6316,0,2
-379.6667,-208.7778,0,2
-242.75,-237.6875,0,5
-342.5385,-249.5385,0,2
-315.0769,-177.3846,0,5
-277.3636,-124.5,0,2
-224.0,-206.85,0,2
-324.5455,-158.5,0,3
-310.8333,-210.5,0,5
-372.3,-169.95,0,5
-215.5,-16.8125,0,1
-321.8333,83.7778,0,5
-378.0,73.7059,0,5
-253.3571,-24.3571,0,1
-237.9474,32.6842,0,5
-300.3529,-74.2941,0,5
-341.2381,-74.6667,0,2
-338.4375,20.75,0,4
-219.7647,6.0588,0,2
-298.35,-62.55,0,5
-332.625,75.0625,0,5
-272.65,26.9,0,2
-362.1053,-74.2632,0,3
-389.8421,-22.4211,0,5
-323.6923,-45.0,0,5
-344.0,-26.1111,0,5
-246.9412,-17.5294,0,2
-225.4375,2.1875,0,2
-359.875,-18.5,0,5
-216.7895,83.5263,0,2
-317.45,63.05,0,2
-233.5,-38.3889,0,2
-329.0526,-58.6842,0,1
-217.15,-64.5,0,5
-374.5333,42.9333,0,5
-323.4118,-29.5882,0,2
-333.2353,-84.2941,0,5
-240.1429,-41.7143,0,2
-354.3846,28.9231,0,5
-295.9286,40.8571,0,2
-267.1667,-37.1667,0,5
-285.5,36.4,0,5
-320.619,-17.9048,0,2
-307.4,290.1,0,5
-385.8889,254.4444,0,5
-238.5625,286.25,0,3
-385.1905,130.4286,0,5
-271.0435,139.1304,0,2
-326.1053,135.4737,0,5
-386.875,272.9583,0,2
-245.85,214.55,0,5
-307.6087,157.1739,0,5
-380.6111,168.2778,0,5
-345.0,293.6,0,5
-308.1,146.45,0,2
-298.25,230.625,0,1
-329.5238,256.7619,0,5
-326.3333,121.5556,0,5
-328.0,107.35,0,5
-203.9091,120.1818,0,2
-318.9333,114.7333,0,5
-300.2,246.76,0,2
-322.963,193.8889,0,2
-393.7647,126.5294,0,5
-244.3478,201.4783,0,5
-317.6875,218.8125,0,5
-284.2353,277.1176,0,5
-261.0,187.6923,0,5
-295.2667,143.3333,0,2
-335.3333,248.2,0,5
-322.9286,225.3571,0,5
-304.2308,137.4615,0,2
-331.6667,215.0,0,5
-379.25,250.6,0,5
-202.6,246.28,0,2
-207.5556,269.6667,0,5
-229.7368,128.8947,0,5
-342.9474,253.1579,0,2
-226.5714,183.381,0,2
-311.1111,201.7222,0,2
-300.3571,172.3571,0,2
-364.4444,264.6111,0,2
-324.3,245.65,0,2
-246.0,191.7778,0,2
-317.5294,121.1176,0,5
-257.25,184.75,0,5
-352.2667,242.3333,0,5
-249.4375,276.1875,0,2
-384.0588,191.4706,0,5
-294.75,274.0833,0,2
-335.8333,193.0833,0,2
-332.5625,119.625,0,5
-305.2857,384.9524,0,1
-361.95,450.3,0,5
-283.9,435.35,0,2
-309.9412,321.4706,0,5
-375.6,355.75,0,5
-258.2105,332.1579,0,5
-302.6667,332.875,0,3
-287.5882,482.1765,0,5
-238.913,385.7826,0,2
-243.7,419.7,0,5
-278.6875,407.8125,0,5
-328.4118,419.5294,0,5
-264.0,309.7619,0,2
-361.8421,416.3158,0,5
-302.0909,435.8636,0,2
-365.6,314.3,0,2
-310.6923,362.3077,0,5
-394.125,379.1875,0,5
-298.6471,474.9412,0,5
-321.0,462.4211,0,5
-379.9444,361.3889,0,5
-352.2857,359.7143,0,3
-206.6,341.7,0,5
-297.1579,463.6842,0,5
-307.9375,458.6875,0,5
-240.25,312.8125,0,5
-334.5385,421.2308,0,5
-337.1,393.65,0,2
-200.8571,358.2857,0,5
-325.4118,439.5882,0,2
-248.6087,398.7391,0,3
-321.2174,372.6087,0,5
-376.7143,373.0,0,2
-206.2,373.4667,0,2
-224.8,323.76,0,5
-314.0,403.8333,0,2
-279.2,394.4,0,2
-211.44,366.44,0,2
-285.6667,367.6667,0,5
-311.1875,310.6875,0,5
-390.8889,389.0,0,2
-295.0909,479.3636,0,5
-228.0556,369.3889,0,2
-231.1111,493.0556,0,5
-68.7222,-428.4444,0,1
-17.5789,-335.8421,0,5
-40.7222,-383.5556,0,5
-35.7368,-427.3158,0,5
-58.3158,-328.2632,0,5
-59.3158,-431.1579,0,5
-144.9524,-375.9524,0,5
-164.9524,-411.7143,0,5
-112.0,-304.381,0,5
-108.1,-404.55,0,1
-98.1875,-394.6875,0,5
-86.0476,-417.3333,0,5
-114.6875,-485.875,0,4
-24.75,-410.75,0,5
-182.7619,-488.3333,0,5
-115.1176,-410.9412,0,1
-42.25,-462.35,0,5
-173.5,-392.8571,0,5
-193.6,-435.8,0,2
-7.4615,-473.6923,0,5
-189.0,-371.0714,0,5
-103.3636,-498.2727,0,5
-181.7222,-340.9444,0,5
-167.5,-426.3,0,5
-121.3889,-408.0,0,1
-141.1667,-315.2222,0,1
-157.381,-474.0476,0,2
-119.6667,-474.1429,0,5
-183.2308,-370.4615,0,5
-127.25,-397.5,0,1
-121.1905,-340.5714,0,5
-182.6667,-445.0667,0,2
-99.5714,-275.0476,0,1
-134.0,-226.1111,0,5
-192.2222,-293.7778,0,5
-98.1333,-205.9333,0,2
-98.3182,-129.1818,0,2
-90.6,-203.0,0,2
-112.3333,-208.6111,0,5
-95.6429,-253.7857,0,5
-76.2174,-212.3043,0,1
-109.6,-183.6667,0,5
-3.8125,-203.5,0,5
-69.5238,-118.0,0,2
-190.7647,-190.2941,0,2
-56.6,-222.3333,0,5
-172.5385,-107.7692,0,5
-62.0952,-282.0,0,5
-100.5333,-177.1333,0,5
-164.375,-234.0625,0,2
-124.0,-199.5556,0,5
-131.0667,-103.1333,0,5
-168.1538,-186.5385,0,5
-75.0,-224.6667,0,2
-113.0588,-141.7647,0,5
-171.5333,-195.5333,0,5
-96.2667,-236.2667,0,5
-80.2143,-202.3571,0,5
-0.9091,-163.1818,0,5
-85.8182,-142.3182,0,2
-163.8125,-115.0,0,2
-39.4211,-287.0526,0,2
-175.9167,-219.0,0,2
-74.3684,-256.0,0,5
-94.8182,-46.5909,0,5
-17.48,-0.64,0,5
-27.375,88.8125,0,5
-103.4444,11.8333,0,5
-143.8333,-90.25,0,5
-159.4706,27.3529,0,5
-36.75,-20.75,0,1
-83.6316,54.6316,0,5
-72.25,-75.4167,0,5
-35.6154,30.9231,0,5
-134.8667,47.6667,0,2
-118.6296,-8.4444,0,2
-117.0667,52.0,0,5
-107.6429,77.2857,0,5
-133.0,-27.9,0,5
-184.0,-57.7778,0,2
-160.7273,19.7273,0,5
-109.8889,-7.1111,0,2
-8.5385,-65.8462,0,5
-99.0,-77.0769,0,5
-95.4706,248.8824,0,5
-47.36,208.56,0,3
-40.6429,224.9643,0,5
-94.5833,230.6667,0,2
-64.0476,118.5714,0,2
-109.9474,113.2632,0,5
-85.8571,276.7619,0,5
-102.6316,263.1579,0,2
-69.5789,158.3158,0,5
-135.1176,248.9412,0,5
-116.0909,184.5,0,2
-52.0,159.55,0,5
-157.5,252.5,0,2
-122.8824,159.7647,0,5
-153.6296,195.5926,0,5
-64.4737,222.1579,0,5
-74.7895,171.6842,0,2
-167.7895,260.2632,0,2
-101.5789,191.8947,0,5
-38.2353,156.1176,0,5
-85.15,240.35,0,5
-51.9524,129.1429,0,2
-101.5714,200.7143,0,5
-104.5862,250.5517,0,2
-115.3636,158.6364,0,5
-78.4545,273.1818,0,2
-29.7857,154.1429,0,5
-10.0455,396.7273,0,2
-108.1579,316.2632,0,2
-119.6957,494.087,0,5
-141.5909,458.6364,0,5
-97.8889,361.6296,0,2
-184.2667,356.8667,0,5
-127.5294,328.0,0,3
-112.9615,331.0385,0,2
-168.9444,403.9444,0,5
-97.0588,438.0,0,5
-97.7391,310.4348,0,2
-125.8889,368.6111,0,2
-153.619,372.8095,0,5
-3.6842,367.3684,0,5
-113.4211,417.9474,0,5
-100.6667,370.0833,0,5
-164.9,421.25,0,5
-101.8,337.45,0,5
-180.3125,345.25,0,5
-185.4118,316.1765,0,5
-27.4091,356.7273,0,5
-91.8,346.9,0,2
-66.5714,486.4286,0,5
-37.45,407.35,0,5
-81.3333,422.3889,0,5
-83.3529,412.8235,0,5
-154.3333,317.2667,0,5
-108.85,372.65,0,2
-60.25,422.4375,0,5
-192.3182,433.3182,0,5
-172.0,328.2857,0,5
-28.8462,498.3077,0,5
-70.4615,341.1538,0,5
-69.1667,459.4444,0,2
-14.5,383.7857,0,5
-52.6,397.3333,0,5
-94.55,393.3,0,5
-0.7778,461.3333,0,5
-127.6316,426.3158,0,5
-97.7931,324.8276,0,2
-75.2,462.3,0,5
-160.3571,325.8571,0,2
-166.0,414.2,0,5
-62.8333,477.4167,0,5
-74.6,498.0667,0,5
-37.5333,372.1333,0,5
-114.6667,384.6667,0,5
-122.6087,421.2609,0,2
-100.2222,465.7222,0,2
-62.5263,353.9474,0,2
-155.5,440.7308,0,5
-164.6818,374.9545,0,2
-116.2667,379.0667,0,5
47.0,-349.72,0,5
195.1176,-495.2941,0,5
63.15,-358.65,0,5
64.0,-392.9474,0,5
14.3684,-385.2105,0,5
63.2353,-343.0588,0,5
88.3684,-331.3684,0,1
87.5,-320.0,0,5
114.4,-307.4,0,5
52.2593,-372.2593,0,5
102.2381,-301.5714,0,2
13.6957,-436.2609,0,5
17.9286,-302.3571,0,5
99.381,-319.3333,0,5
98.4118,-334.8824,0,1
105.8571,-323.8571,0,5
112.3077,-398.4615,0,5
95.5,-311.75,0,5
35.65,-366.7,0,2
29.0667,-375.6667,0,2
95.5333,-328.2667,0,5
159.0,-166.45,0,5
77.2105,-268.7368,0,1
51.6471,-225.5882,0,1
56.15,-170.7,0,5
59.4,-107.2667,0,5
41.68,-165.68,0,5
142.9444,-212.5556,0,5
134.35,-214.85,0,5
87.2857,-221.3333,0,2
101.75,-176.9,0,1
161.35,-176.9,0,5
84.8125,-133.1875,0,5
34.4375,-111.5625,0,5
33.4444,-200.3889,0,5
32.3333,-119.0,0,5
133.0714,-184.0714,0,5
29.4667,-274.0667,0,1
115.2667,-148.8,0,5
100.9375,-245.5625,0,5
5.3125,-251.375,0,5
37.7,-210.3,0,5
31.9375,-255.25,0,5
94.2941,-111.0,0,5
116.4375,-121.5,0,5
76.375,-125.5,0,1
80.0,-156.6111,0,5
45.7647,-206.6471,0,5
114.4545,-193.5,0,3
51.7619,-241.7619,0,5
183.6111,-124.0,0,5
98.7,-168.85,0,5
159.0556,-157.3333,0,5
15.3333,-284.9444,0,5
112.2667,-203.4,0,5
11.6429,-198.4286,0,2
187.0833,-221.4167,0,5
196.7778,-210.0,0,5
167.381,-65.0476,0,5
192.7,-90.2,0,1
155.6,41.45,0,5
143.25,-84.5,0,5
12.1765,90.3529,0,5
142.0526,-42.9474,0,5
106.5882,27.2941,0,3
13.7,-69.4,0,5
136.0,-22.9091,0,5
189.7143,-50.1429,0,5
107.2353,-86.7647,0,5
155.5263,-38.6842,0,5
154.8636,18.3636,0,5
18.6667,19.4286,0,2
112.6,6.9333,0,5
74.4737,-0.0526,0,5
145.4375,-29.0,0,5
154.0455,57.2273,0,5
98.9286,-46.8571,0,5
72.7333,15.2,0,5
51.8333,11.5,0,5
52.9545,-58.5455,0,5
65.0,-5.6,0,4
85.7647,-23.7059,0,4
129.6111,-47.1667,0,5
85.6522,-34.3478,0,2
106.7647,-45.0588,0,5
52.4231,-84.6538,0,5
17.9231,84.3846,0,5
189.3846,-39.6923,0,5
83.7692,26.9231,0,5
110.1667,86.1667,0,2
95.75,87.8333,0,2
79.5,76.95,0,5
92.2381,81.2857,0,2
44.2632,13.8421,0,5
112.2857,63.5,0,5
80.5294,0.8824,0,5
76.8571,-27.4286,0,4
120.5263,58.2105,0,5
55.4444,-2.3333,0,1
111.4444,200.3889,0,5
103.381,191.7143,0,5
95.6842,184.1579,0,5
43.95,264.45,0,5
93.85,112.55,0,5
59.1,172.6,0,5
50.7895,231.6316,0,5
85.087,226.1739,0,5
95.75,265.4167,0,5
51.5238,248.1429,0,5
68.6875,154.8125,0,5
101.32,234.8,0,5
131.5714,211.0,0,5
171.25,134.1875,0,5
69.25,293.875,0,4
73.5,163.3462,0,5
101.0,105.75,0,5
86.45,147.25,0,5
25.1667,192.6111,0,5
77.0,242.5,0,5
126.5,126.7143,0,5
114.8571,259.4762,0,2
158.1667,245.1111,0,2
98.875,212.1875,0,5
73.25,285.1875,0,4
84.6111,192.2222,0,5
153.0357,127.9643,0,2
161.2381,146.3333,0,5
81.7778,119.7222,0,5
106.7778,272.1111,0,5
27.2222,146.2222,0,1
181.7,109.3,0,5
99.8235,270.6471,0,2
127.4167,312.0,0,5
191.8947,361.8947,0,5
34.3,334.65,0,5
100.3889,425.6667,0,5
75.7778,407.8333,0,3
85.7895,366.9474,0,5
90.381,397.4286,0,5
66.0435,417.1304,0,5
104.0,348.7,0,5
10.5,430.2222,0,5
118.7143,363.0,0,5
117.7308,343.1923,0,5
99.4667,381.0,0,5
124.0556,437.8889,0,5
99.2083,368.9583,0,5
157.1176,393.4706,0,3
77.6667,423.1333,0,5
29.5217,386.913,0,5
113.4737,376.3158,0,2
104.0,471.3,0,5
14.5,358.8182,0,5
26.4783,373.8261,0,5
189.7143,419.0,0,5
77.375,344.125,0,5
11.55,447.9,0,5
121.6111,427.9444,0,5
85.6111,460.8333,0,5
121.9333,486.2,0,5
9.0714,440.7143,0,5
9.7059,415.1176,0,5
86.0588,478.4118,0,5
22.4167,491.7083,0,5
91.7143,324.8571,0,5
37.4286,379.0,0,2
76.6111,355.9444,0,5
154.8235,454.7647,0,5
156.875,349.25,0,5
185.3889,372.6111,0,5
193.3571,335.1429,0,5
35.1053,432.0,0,5
9.375,349.375,0,5
150.1905,408.5714,0,2
12.6818,459.7727,0,5
138.875,466.75,0,5
112.2143,485.0,0,5
113.875,384.0625,0,2
124.0,417.8182,0,5
26.6923,437.2308,0,2
126.5,499.2,0,5
85.8333,305.0833,0,4
140.2667,483.8,0,5
303.8095,-415.8571,0,3
325.0556,-367.6667,0,3
229.0588,-395.4706,0,5
208.5789,-484.0526,0,5
366.3,-352.8,0,5
215.8667,-346.8667,0,5
308.7083,-459.375,0,2
302.7391,-309.4783,0,5
274.7,-485.8,0,1
329.65,-475.7,0,2
357.1176,-443.8824,0,5
273.8,-318.1,0,5
209.5714,-323.6667,0,2
238.1765,-390.8235,0,5
309.3,-365.8,0,5
227.35,-409.8,0,5
251.0769,-447.3462,0,5
344.0,-405.8421,0,5
207.6875,-312.6875,0,2
227.2222,-455.2778,0,1
385.1765,-392.6471,0,2
221.6842,-461.8947,0,2
270.6875,-456.6875,0,5
359.9231,-477.1538,0,5
237.1875,-340.6875,0,1
242.9545,-329.0,0,3
323.0667,-361.0,0,1
251.6667,-330.1429,0,5
245.5,-438.6875,0,5
276.7778,-495.3333,0,5
247.9444,-498.1111,0,5
284.6471,-327.7647,0,5
265.8824,-293.5294,0,5
285.5,-156.0,0,5
313.2727,-219.3636,0,5
255.25,-241.9,0,4
209.85,-103.55,0,5
294.6471,-254.0588,0,5
292.4091,-209.4545,0,5
237.1176,-113.0,0,5
248.6842,-139.3158,0,5
231.7368,-156.2105,0,5
239.7143,-138.9524,0,5
295.5333,-290.3333,0,5
349.6316,-250.0,0,5
253.125,-256.625,0,5
305.375,-210.625,0,5
305.3889,-267.7778,0,5
309.3043,-201.3478,0,5
357.0556,-221.8889,0,5
360.0556,-245.6667,0,5
389.0,-102.1333,0,5
318.3077,-243.2308,0,5
357.1176,-125.8235,0,4
297.25,-201.3125,0,5
265.8824,-221.2353,0,5
265.3125,-141.1875,0,2
352.2143,-206.3571,0,5
345.7273,-236.8636,0,5
250.8421,-264.6842,0,4
379.25,-230.625,0,5
306.6429,-250.8571,0,5
381.4667,-255.4,0,5
246.0,-206.1429,0,5
362.2857,-210.1429,0,5
218.3333,-272.8095,0,2
372.875,-156.9375,0,5
275.6923,-228.6923,0,5
259.4667,-134.2667,0,5
258.8421,-151.2105,0,5
284.8824,-218.1176,0,5
254.5238,-103.1429,0,5
247.5882,-274.9412,0,5
248.0588,-157.4706,0,2
384.0667,-130.8,0,5
268.1538,-101.1538,0,5
351.4348,-81.6957,0,5
287.7895,65.6842,0,5
384.0476,-8.3333,0,5
234.0556,-65.8333,0,5
358.375,-9.6667,0,5
214.625,-60.0833,0,5
233.75,-92.45,0,5
299.1579,73.3684,0,3
385.35,93.9,0,5
287.2963,-89.1481,0,5
317.4,-11.3333,0,5
376.3529,-79.5882,0,5
312.7647,34.8824,0,5
272.1875,38.0,0,5
352.55,52.5,0,5
288.1364,39.3636,0,5
209.8,91.5333,0,5
298.3182,-58.2273,0,5
213.5385,2.5385,0,5
292.3182,-20.8182,0,5
372.1176,51.7647,0,5
263.8421,-3.5789,0,5
242.5385,14.1538,0,5
222.5714,11.5,0,5
253.6667,-60.0,0,5
264.2,-17.4667,0,5
380.3125,-38.6875,0,5
324.7,-40.2,0,4
306.2917,-86.625,0,2
383.3529,78.4118,0,5
331.3,-63.65,0,4
316.4583,-62.6667,0,5
338.8095,96.381,0,5
218.4,63.6,0,5
307.3158,-60.6316,0,5
214.0476,-33.4762,0,2
303.4091,-48.8182,0,5
370.8235,41.7059,0,5
323.6429,33.7857,0,5
258.7647,-85.1765,0,5
288.3684,12.1579,0,4
312.4286,-46.5,0,4
315.5882,-72.5294,0,5
288.2308,-29.9231,0,5
207.5,19.1429,0,2
303.1111,194.0556,0,5
336.35,126.8,0,5
212.0,262.3478,0,5
276.0556,277.5,0,5
379.7368,128.0526,0,5
298.0,127.15,0,1
271.0,127.35,0,5
260.6316,142.9474,0,5
358.3529,197.4118,0,5
300.25,238.25,0,5
245.9583,114.125,0,5
242.6471,163.7647,0,5
236.2778,176.1667,0,5
244.1875,232.625,0,5
227.0,198.8947,0,5
351.5882,140.8824,0,5
326.8182,286.0909,0,5
302.3333,176.1667,0,5
351.1429,159.9286,0,5
336.0,169.5455,0,4
344.7222,198.1111,0,1
343.45,147.05,0,2
264.0526,264.4737,0,5
208.5294,148.2941,0,5
251.9333,168.6667,0,5
261.75,128.85,0,1
361.6667,267.6,0,5
301.2143,110.0,0,5
314.3333,277.3333,0,5
259.5294,197.5882,0,5
261.5333,242.3333,0,5
340.375,252.1875,0,2
239.1667,140.1111,0,5
303.8667,229.0,0,5
306.875,165.625,0,5
215.0588,143.4706,0,5
371.2667,136.7333,0,2
314.7692,162.5385,0,5
287.6,202.2,0,5
280.0,186.3529,0,5
335.2353,150.4706,0,1
303.8,208.4,0,5
207.1875,190.6875,0,5
377.9091,163.3636,0,5
299.7692,144.3077,0,5
254.6429,281.1429,0,5
305.7143,461.0,0,5
275.0952,339.6667,0,5
244.55,386.1,0,2
324.1176,334.7059,0,5
358.2632,371.9474,0,5
281.6364,382.6364,0,5
266.7368,425.5263,0,5
272.5263,456.2105,0,5
290.1905,390.7143,0,5
293.0588,424.4118,0,3
277.8235,483.9412,0,5
308.3333,373.381,0,5
236.5,307.1111,0,5
268.6923,438.6154,0,5
308.4375,325.625,0,5
275.8,433.4667,0,1
214.0556,494.1111,0,2
263.4167,392.7083,0,5
278.5,364.9375,0,5
300.3333,384.6667,0,5
247.3,405.0,0,5
217.8667,386.6,0,5
245.6667,486.6667,0,5
252.0714,428.2143,0,4
235.0714,340.7143,0,5
395.0,344.2,0,1
264.8,464.3333,0,5
303.8,320.1333,0,5
238.6471,313.0588,0,5
-477.8235,-247.5294,0,1
-451.7222,-321.1111,0,4
-351.12,-304.56,0,5
-431.8,-293.85,0,2
-376.48,-216.52,0,2
-449.4815,-301.1481,0,2
-453.8,-216.8,0,2
-433.5385,-256.4615,0,5
-344.3529,-291.1176,0,5
-445.2105,-274.1579,0,5
-478.1176,-291.8824,0,5
-390.6875,-304.75,0,5
-317.3043,-316.087,0,2
-424.1667,-340.0833,0,1
-456.4286,-301.2857,0,4
-448.7727,-261.2273,0,2
-320.0,-201.8667,0,2
-344.5,-280.9375,0,2
-301.3077,-311.3077,0,5
-423.7778,-312.4444,0,2
-333.9444,-332.4444,0,2
-341.0741,-366.5556,0,2
-348.75,-359.1875,0,2
-439.0,-306.65,0,5
-401.0,-360.4211,0,5
-338.5833,-386.0833,0,5
-308.7368,-272.0526,0,2
-312.3636,-226.8182,0,5
-348.7143,-315.1429,0,5
-308.3158,-389.1579,0,2
-328.85,-388.05,0,2
-410.625,-212.625,0,2
-468.0435,-152.8696,0,5
-453.0556,-103.1111,0,1
-464.2857,-67.5238,0,5
-388.1667,-135.8333,0,3
-421.4,-37.4,0,5
-393.1154,-124.4231,0,5
-407.3,-50.45,0,5
-490.7097,-178.6774,0,2
-359.1,-30.6,0,5
-413.2,-77.6,0,5
-483.5556,-138.9444,0,2
-420.55,-98.9,0,5
-443.6471,-110.1765,0,5
-310.1333,-101.2667,0,5
-466.56,-48.32,0,2
-447.5294,-164.7059,0,2
-434.8947,-3.2105,0,5
-351.75,-177.9375,0,5
-405.1333,-150.7333,0,5
-413.64,-90.24,0,5
-428.3182,-171.1818,0,3
-363.7895,-163.1579,0,4
-396.5263,-103.1053,0,5
-385.6667,-111.2381,0,5
-372.9444,-71.6111,0,2
-440.4762,-91.2857,0,5
-369.4211,-64.3684,0,2
-306.5625,-85.125,0,5
-344.6667,-125.2857,0,5
-497.08,-95.2,0,4
-493.9444,-10.8889,0,5
-401.9048,-31.8095,0,2
-329.2353,-114.8235,0,2
-484.375,-26.5625,0,2
-476.25,-134.3333,0,5
-318.6923,-109.4615,0,5
-492.2857,-133.8571,0,5
-333.3333,-39.0952,0,2
-484.1875,-75.5,0,2
-313.6,-172.3333,0,5
-365.2778,84.0556,0,5
-464.0,6.7333,0,5
-442.9444,170.0556,0,5
-390.6875,82.75,0,5
-431.0667,75.1333,0,5
-443.2,194.25,0,5
-358.7778,50.3333,0,5
-490.3182,100.4091,0,2
-465.3636,160.3182,0,3
-324.6316,34.6316,0,5
-412.25,84.375,0,5
-491.4545,130.2273,0,5
-463.25,183.4,0,2
-356.6818,20.5455,0,4
-413.5,62.3889,0,5
-353.3684,109.5789,0,2
-310.5,98.6667,0,5
-470.5455,46.5455,0,2
-376.4375,96.625,0,5
-405.4,118.8,0,5
-494.0,60.5714,0,5
-354.4545,192.0909,0,5
-489.7059,164.7647,0,5
-446.7333,93.4,0,5
-439.35,177.95,0,2
-405.8889,93.963,0,5
-484.6429,124.6429,0,5
-319.0,150.8462,0,5
-438.2941,39.2941,0,5
-443.2222,143.5556,0,5
-372.875,196.375,0,2
-407.875,69.1875,0,5
-446.2632,82.0,0,2
-373.1304,156.2609,0,5
-417.25,154.4,0,1
-395.7143,160.0952,0,2
-419.8421,102.1579,0,2
-459.4286,167.7619,0,2
-480.8235,150.5882,0,5
-437.9375,131.625,0,2
-428.5333,127.6,0,5
-455.5455,198.9091,0,5
-414.9444,168.7222,0,5
-329.0714,38.9286,0,5
-359.7778,137.2778,0,5
-421.5556,162.1111,0,5
-337.05,281.95,0,5
-393.2857,288.0952,0,1
-444.2632,284.1053,0,2
-329.5882,312.1765,0,5
-481.5,328.2692,0,5
-487.3333,285.3333,0,5
-331.6316,361.1053,0,3
-316.4375,204.5,0,2
-489.6429,313.5,0,1
-433.6,218.15,0,5
-464.9333,352.5333,0,3
-490.4211,219.0,0,2
-447.2222,353.2222,0,3
-432.1667,385.3333,0,3
-335.7222,349.2778,0,2
-328.0,337.4706,0,5
-451.0476,215.2857,0,5
-452.0476,343.2857,0,5
-447.15,237.7,0,2
-454.3889,313.2778,0,5
-449.2353,256.2941,0,5
-375.0,276.0,0,2
-392.6818,316.2727,0,5
-303.6667,352.0417,0,2
-465.9412,233.4706,0,2
-384.8,375.2,0,5
-469.75,293.125,0,5
-360.7857,296.8571,0,5
-418.05,321.85,0,5
-305.4706,306.2941,0,5
-480.6316,307.1579,0,5
-430.3077,392.4615,0,5
-471.7857,333.9286,0,5
-408.15,357.55,0,5
-495.4286,295.9524,0,5
-482.9565,234.3043,0,5
-387.9474,329.6842,0,2
-481.0625,296.375,0,5
-363.4167,271.8333,0,2
-431.2105,248.8421,0,5
-476.25,290.5625,0,5
-465.9091,326.0,0,5
-332.2222,323.6667,0,5
-393.8,397.6667,0,2
-443.2308,369.1538,0,3
-441.1,329.1,0,5
-480.9444,213.0,0,2
-381.8947,430.8421,0,5
-404.4667,407.4667,0,5
-334.3889,487.5556,0,5
-316.0,445.5882,0,5
-180.9412,-381.8235,0,1
-291.7059,-324.1765,0,2
-259.3684,-225.6316,0,1
-125.4348,-380.3478,0,2
-141.1905,-363.7619,0,2
-167.0,-392.7143,0,5
-213.3182,-267.2273,0,2
-258.6842,-281.2105,0,1
-178.6818,-308.2727,0,2
-180.8421,-287.5263,0,2
-216.4737,-353.7895,0,5
-125.0,-225.9333,0,5
-210.6471,-365.7647,0,5
-202.4706,-360.7059,0,5
-265.05,-301.2,0,5
-241.6471,-229.0588,0,5
-131.9231,-210.0,0,5
-169.75,-299.25,0,2
-241.1765,-179.1765,0,5
-234.25,-117.65,0,5
-130.0556,-84.6111,0,5
-188.3333,-79.6667,0,5
-240.4706,-54.8824,0,5
-139.6875,-191.875,0,5
-195.5417,-96.7917,0,2
-282.7619,-133.4286,0,2
-281.2917,-148.375,0,2
-134.2917,-163.4583,0,5
-161.8125,-88.0,0,5
-119.4,-81.35,0,5
-226.1667,-159.3333,0,2
-274.0,-168.0,0,5
-225.85,-135.5,0,5
-268.875,-52.375,0,5
-153.1429,-137.6429,0,5
-199.6875,-73.0625,0,1
-217.4118,-129.0,0,1
-206.3889,-157.8333,0,2
-275.4667,-21.0,0,5
-201.9412,-104.0588,0,2
-194.9286,-111.7857,0,5
-151.6667,-94.6,0,5
-198.1111,-133.6667,0,5
-133.4118,-145.8235,0,5
-225.5238,170.0476,0,5
-198.3158,59.4211,0,5
-202.2,109.1,0,5
-154.6,79.7333,0,5
-244.3,41.55,0,5
-260.5,23.5625,0,5
-185.0714,98.2143,0,5
-245.0556,78.6111,0,2
-289.75,140.3125,0,2
-133.5263,172.4737,0,2
-117.7895,145.6842,0,5
-262.25,75.75,0,5
-223.7143,65.0,0,5
-276.1818,169.5,0,5
-167.0833,5.4167,0,5
-211.85,103.0,0,2
-133.4,35.45,0,2
-112.3571,34.8214,0,2
-223.2,147.4667,0,5
-202.5833,127.25,0,5
-269.9412,104.6471,0,5
-225.7143,140.5714,0,5
-166.85,214.1,0,2
-174.7143,305.4762,0,5
-147.75,300.75,0,2
-268.7778,342.8889,0,2
-120.2941,274.3529,0,5
-181.2353,370.6471,0,2
-241.6471,350.5294,0,5
-269.7647,319.8824,0,5
-117.2857,311.0476,0,5
-278.3125,292.9375,0,2
-174.619,256.0952,0,5
-255.6667,292.4444,0,2
-210.6667,308.0476,0,2
-271.25,243.8125,0,5
-249.8421,360.3684,0,2
-294.9333,266.2667,0,5
-248.8947,266.4211,0,5
-150.9412,256.8824,0,2
-136.1667,329.5556,0,3
-197.0,255.85,0,5
-123.5,320.85,0,2
-276.5333,312.9333,0,2
-236.8636,263.0909,0,2
-222.9444,292.7778,0,2
-266.65,261.3,0,2
-290.0588,280.6471,0,3
-283.5294,391.0,0,2
-264.1111,275.5,0,2
-283.8824,317.4706,0,2
-280.6364,228.4545,0,5
-134.7143,298.1429,0,5
-174.2857,338.7143,0,5
-222.5789,483.9474,0,2
-260.625,497.625,0,5
-116.9375,435.0,0,5
-109.0,408.0625,0,5
-120.0476,469.8095,0,2
-260.8824,483.1765,0,5
-120.2941,428.1765,0,5
-193.2857,421.9286,0,5
-127.3333,446.9583,0,5
-283.0,463.2632,0,5
-218.0,498.6923,0,5
-25.5652,-358.913,0,5
26.4118,-316.5882,0,5
-38.0455,-250.3636,0,5
9.9048,-341.0,0,5
44.0588,-239.1765,0,5
24.0,-387.1875,0,5
-15.3889,-364.7222,0,5
-90.6,-318.4,0,2
40.0,-315.9412,0,5
-17.6818,-253.3636,0,5
-76.4167,-305.75,0,5
-44.5294,-318.2941,0,5
-90.4,-308.95,0,2
20.9444,-225.6667,0,5
-59.0,-337.1429,0,2
79.1429,-258.7143,0,5
-14.3889,-309.7778,0,5
80.625,-302.5,0,5
50.4706,-361.7059,0,5
51.2941,-317.7647,0,5
-12.2667,-274.0667,0,5
-3.8824,-311.7647,0,5
17.9412,-345.7647,0,5
-19.2143,-297.2143,0,5
27.8235,-338.4118,0,2
91.375,-297.875,0,5
89.875,-361.5,0,5
-36.1875,-219.875,0,5
-44.2857,-308.7619,0,5
81.0588,-318.2941,0,5
-48.6429,-333.1429,0,5
-2.5,-392.85,0,5
20.1579,-393.3158,0,2
29.8824,-345.1765,0,2
-64.0769,-216.9231,0,5
92.4667,-305.0667,0,5
-74.6842,-277.6316,0,5
-10.6667,-387.6667,0,5
79.8,-119.15,0,5
56.25,-193.5,0,5
87.7059,-76.1176,0,5
-30.7619,-29.3333,0,1
-11.3571,-107.5,0,1
4.087,-148.5652,0,2
51.7273,-138.4091,0,4
-55.1765,-113.0,0,1
13.6429,-16.1429,0,5
3.6471,-159.8235,0,5
-16.0588,-95.8235,0,5
78.3333,-10.3333,0,5
-66.4375,-61.25,0,5
80.4444,-83.7222,0,5
93.3889,-64.2778,0,5
-28.6667,-183.0,0,5
64.875,-37.75,0,5
27.8824,-91.7647,0,5
39.125,-94.625,0,2
50.3636,-0.9091,0,5
87.9091,-159.8182,0,2
-28.1765,178.5294,0,5
40.0,90.8421,0,5
-4.6316,105.8421,0,5
-61.0455,93.5909,0,5
-13.375,152.875,0,5
86.2609,93.2174,0,2
0.15,30.45,0,5
-78.5909,142.7727,0,2
68.4,119.68,0,5
24.2143,86.0,0,5
56.375,42.5,0,5
-1.5333,75.7333,0,5
31.5333,163.8,0,5
-16.9,14.8,0,5
-6.6111,159.4444,0,2
-18.85,174.55,0,5
78.25,106.125,0,3
-6.1176,84.3529,0,5
-36.6154,16.5385,0,5
55.1765,102.2941,0,2
7.2632,75.2632,0,2
0.75,157.9375,0,5
-64.0455,144.1818,0,5
2.9474,86.2632,0,2
5.7778,162.0,0,5
46.5,196.5,0,5
47.75,102.8,0,5
-70.1429,199.4286,0,1
69.1875,128.5625,0,3
-47.2857,138.7857,0,5
-53.6667,233.5,0,5
61.2,339.5333,0,5
-0.2105,236.6316,0,5
-70.6522,302.8261,0,2
-14.0476,298.3333,0,5
-73.1304,331.9565,0,5
63.1579,300.0526,0,5
-6.2632,286.7895,0,5
58.0769,382.6154,0,5
50.15,289.3,0,5
-34.4375,231.875,0,5
-20.0769,392.9615,0,5
91.9167,309.1667,0,2
-14.5294,306.8824,0,5
-34.6429,362.7143,0,5
66.5333,219.2,0,1
93.4,290.35,0,2
-70.28,243.32,0,2
-6.8667,266.8,0,5
-53.05,246.85,0,2
-86.1538,376.9231,0,5
2.1905,358.3333,0,5
25.5926,287.6296,0,2
72.5909,373.8182,0,2
88.3077,207.8462,0,5
-72.1538,375.3077,0,1
-69.8571,204.7143,0,1
-79.1765,212.4706,0,5
44.6429,327.7143,0,5
74.0588,230.2941,0,2
43.7273,447.0909,0,5
83.95,448.65,0,5
-87.2105,496.9474,0,2
70.9412,499.6471,0,5
24.3571,498.6429,0,5
-65.6842,429.1579,0,5
4.2778,464.3333,0,5
96.3077,437.8462,0,5
-54.2667,482.5333,0,5
-55.9333,493.3333,0,5
-60.3571,488.8571,0,5
40.9333,490.4,0,5
88.6154,492.6923,0,5
59.5,484.0714,0,2
17.8824,480.5882,0,5
26.8,431.7333,0,2
176.2222,-306.5556,0,5
235.0455,-381.8182,0,1
202.5455,-297.2727,0,5
214.8,-334.6,0,2
264.2632,-376.7895,0,5
261.6875,-233.875,0,5
286.0,-286.75,0,5
200.2,-287.0667,0,5
256.6,-273.65,0,5
165.125,-241.25,0,5
245.4348,-248.3478,0,4
266.875,-330.375,0,2
263.5263,-242.8421,0,5
258.8824,-392.4706,0,5
111.0667,-330.3333,0,5
294.6923,-392.6923,0,5
110.3684,-300.0,0,5
216.9444,-295.5556,0,5
113.2222,-291.6111,0,2
135.6429,-225.1429,0,5
238.875,-366.3125,0,2
206.2,-345.8667,0,4
162.2308,-219.1154,0,5
151.4545,-244.3636,0,5
285.5294,-226.7059,0,5
215.5455,-310.7273,0,2
211.0526,-79.2105,0,5
121.2222,-168.6667,0,5
262.28,-125.32,0,5
243.5,-103.2,0,5
190.5882,-133.1765,0,2
220.125,-137.875,0,5
177.9412,-99.6471,0,1
272.1765,-65.0,0,5
273.72,-88.68,0,5
233.3529,-83.2353,0,5
243.4118,-126.9412,0,5
273.7333,-174.7333,0,5
223.7143,-171.9524,0,5
292.2222,-36.9444,0,5
232.5714,-193.7857,0,5
168.55,-98.3,0,2
201.3889,-47.2778,0,4
211.9231,-189.9231,0,5
228.8824,-44.9412,0,5
290.0667,-98.8,0,5
108.6923,-33.0,0,5
247.2353,-93.2353,0,5
274.8235,-138.8824,0,5
120.375,-96.125,0,5
152.7692,-190.3077,0,5
266.4706,-132.1176,0,2
124.4615,-92.1538,0,5
249.1875,-78.75,0,5
142.875,-96.75,0,5
261.65,-106.0,0,5
185.3529,-164.7059,0,5
131.3846,-3.6923,0,5
278.8,-129.6,0,2
254.8235,-97.2941,0,5
238.28,117.6,0,2
115.7647,153.8824,0,5
150.92,164.6,0,5
189.8333,21.0,0,5
227.2632,89.0,0,5
169.7333,101.1333,0,5
135.3158,52.0,0,5
174.2143,84.1429,0,5
295.2105,26.1053,0,5
116.2632,95.9474,0,5
123.9091,97.0909,0,5
127.5294,81.2941,0,5
224.8125,39.875,0,2
245.6667,152.5333,0,5
239.5882,79.4706,0,2
279.75,38.375,0,5
215.9231,101.8462,0,5
296.3077,152.3077,0,2
130.8947,127.6842,0,5
225.1538,140.8077,0,5
217.0,191.0,0,5
298.6087,62.9565,0,5
230.1176,68.2941,0,5
207.1111,39.1111,0,5
160.5714,42.5,0,5
265.625,167.125,0,5
288.0714,167.0,0,5
260.4286,121.5,0,5
231.1667,40.9444,0,5
240.8947,333.1579,0,5
186.0,291.381,0,5
286.6818,329.6364,0,5
191.52,328.32,0,5
259.2105,374.8421,0,4
242.7895,266.3158,0,5
130.6923,296.2308,0,5
169.05,347.85,0,5
121.9412,329.5882,0,1
283.0588,250.0588,0,5
285.5333,302.7333,0,5
139.6471,226.1765,0,5
157.8889,357.3889,0,5
209.375,342.9375,0,5
261.25,327.75,0,5
120.4762,314.2381,0,2
278.7333,314.2,0,5
255.2778,310.7222,0,5
224.9565,357.6087,0,5
180.3333,217.4444,0,5
237.6667,297.6667,0,5
176.3333,270.2,0,5
221.8125,298.4375,0,5
251.5625,320.8125,0,3
227.5882,328.0588,0,4
283.9,231.4,0,5
179.125,324.0833,0,5
110.6875,336.625,0,5
272.7273,389.6364,0,5
263.9333,382.5333,0,4
265.6429,231.7143,0,5
229.9231,302.8462,0,1
104.9231,298.1538,0,5
211.1111,306.2778,0,5
251.0909,398.9091,0,5
125.04,407.6,0,5
221.8571,409.1429,0,5
171.0909,465.3182,0,5
183.0417,445.6667,0,2
228.3636,464.0,0,5
163.0714,493.5,0,5
176.75,416.625,0,5
114.125,492.4167,0,1
228.5714,422.5714,0,2
158.5625,440.4375,0,5
206.9474,499.2632,0,5
281.8333,422.9167,0,5
221.4118,490.5294,0,5
238.0588,430.4706,0,5
152.1818,415.9091,0,5
154.0,462.3571,0,5
134.0,465.3077,0,5
229.0,413.3158,0,5
117.5714,481.4286,0,5
415.6111,-379.7778,0,5
337.9375,-310.5625,0,5
394.381,-238.619,0,5
417.55,-302.1,0,5
429.4,-362.6,0,5
401.2941,-260.3529,0,5
455.0625,-388.125,0,1
382.0,-346.3125,0,5
376.0556,-391.1667,0,5
331.0,-265.0714,0,5
355.1,-230.65,0,5
326.5789,-250.7895,0,5
469.0667,-377.1333,0,5
386.0625,-226.875,0,5
320.1,-382.1,0,5
397.1333,-218.2,0,5
402.1,-290.5,0,5
331.5,-216.0,0,5
373.5,-252.875,0,5
400.3529,-150.7647,0,5
352.8824,-93.2353,0,5
411.0833,-109.5833,0,5
367.1053,-106.7895,0,5
405.4,-81.24,0,5
409.5789,-93.7895,0,5
411.6667,-65.7619,0,5
396.2105,-168.7368,0,5
392.1111,-145.1111,0,5
342.85,-61.0,0,3
442.8636,-12.7273,0,5
439.7,-145.25,0,5
370.9444,-33.3889,0,5
476.45,-47.05,0,5
441.6875,-23.4375,0,5
340.0,-133.0,0,5
441.4667,-129.0,0,2
487.6364,-155.8182,0,5
348.7143,-136.5714,0,5
309.1905,-101.619,0,5
432.3571,-104.2857,0,5
355.0476,-110.7619,0,4
318.9231,-115.1538,0,5
422.4118,-83.8235,0,5
414.3333,-151.2667,0,2
425.4,-132.6667,0,5
420.6111,-125.5556,0,5
463.6923,-97.9231,0,5
445.7727,101.1818,0,5
366.05,169.3,0,5
329.9091,26.4091,0,5
395.3889,70.3889,0,5
416.8235,88.8235,0,5
496.5556,42.6667,0,5
413.5238,63.4762,0,5
421.2857,52.3333,0,5
334.8125,103.125,0,5
422.9583,19.5417,0,5
487.9091,80.2727,0,5
400.6842,10.8421,0,5
313.0769,117.3077,0,1
482.1111,116.3333,0,5
428.0,90.96,0,5
320.2917,22.25,0,5
434.8824,192.8824,0,5
480.087,182.4783,0,5
446.0,116.9375,0,5
431.6,169.7333,0,5
340.375,57.75,0,5
358.1333,156.2667,0,5
414.4667,195.1333,0,5
496.55,71.75,0,5
323.1765,69.5882,0,5
419.4667,196.6667,0,5
490.8947,145.9474,0,5
432.625,95.5,0,5
365.8571,134.0,0,2
440.55,269.55,0,5
315.7143,268.8571,0,5
426.5238,260.9048,0,5
477.7333,295.9333,0,5
439.6,342.2,0,5
449.9286,296.0714,0,5
462.1429,271.381,0,2
318.8846,206.3846,0,5
360.8125,394.625,0,5
318.8571,225.2143,0,5
466.9412,291.5882,0,5
487.0556,304.7778,0,5
369.125,300.0625,0,5
354.9091,228.3636,0,5
328.5833,279.0,0,5
373.0588,336.4118,0,5
440.1429,372.8571,0,5
325.4167,293.1667,0,5
372.8966,219.5517,0,5
483.6,274.9333,0,5
382.65,407.3,0,5
365.3,414.5,0,5
-364.2069,-130.9655,0,5
-134.52,84.08,0,2
-421.3478,85.9565,0,2
-467.2692,-218.8077,0,2
127.4783,-221.1304,0,5
-393.1111,-255.6667,0,2
242.4167,-82.25,0,2
-195.85,-369.6,0,2
219.9524,-284.2381,0,2
-354.7273,38.9545,0,2
-127.3,-484.05,0,1
211.76,-468.6,0,3
-370.9,267.45,0,2
-439.3182,-346.5455,0,2
479.0833,-35.125,0,5
-300.25,345.25,0,2
103.7407,-310.7778,0,2
-333.3182,241.4545,0,2
312.0,-78.3478,0,5
118.0455,-88.5455,0,5
-45.2778,-407.8889,0,5
49.6087,5.0,0,3
-407.2857,-22.619,0,2
209.3636,26.7727,0,2
-296.7742,14.3871,0,2
-311.7895,166.7368,0,2
283.4783,416.3478,0,3
-304.7143,-377.9048,0,2
64.3939,491.697,0,2
-334.8261,-163.7391,0,1
-336.9167,-61.5,0,2
-271.4583,295.6667,0,2
-335.1579,33.3684,0,5
101.3684,-348.0,0,5
-244.9,-471.95,0,2
-320.5263,233.3684,0,5
-308.5789,-315.9474,0,2
25.3158,-431.0526,0,4
104.7619,-295.5238,0,1
228.7778,-363.1481,0,1
-342.5,-351.875,0,2
-404.1053,140.6842,0,2
-366.3333,-3.8095,0,2
-295.3478,449.7826,0,2
-369.25,323.7143,0,5
-442.0,124.5455,0,2
-438.8519,363.7037,0,3
371.35,-118.65,0,5
-436.4706,321.5882,0,2
-220.3529,193.6471,0,2
338.7931,179.5862,0,4
-476.3478,280.8696,0,5
285.3889,-478.5,0,5
-302.1905,-433.1905,0,2
-140.5714,17.7619,0,2
-466.55,72.0,0,2
-27.3333,-397.7778,0,5
-242.96,118.56,0,5
-312.0588,-342.8235,0,2
386.8824,-239.7059,0,5
-171.3333,-217.8889,0,2
-418.3158,-174.4211,0,2
-12.7647,-302.8235,0,5
440.1667,-115.2778,0,5
-419.3125,128.875,0,3
205.6667,-400.7778,0,2
71.0,-44.3333,0,5
-456.6296,327.2222,0,2
-315.05,-151.6,0,2
-430.1579,-184.3684,0,1
-487.2083,68.4167,0,2
-485.1111,211.6111,0,2
-161.5294,-432.1765,0,5
-483.7647,224.4118,0,2
129.9412,479.7647,0,5
462.3,135.2,0,5
-358.8636,351.5,0,5
-412.9333,216.7333,0,2
-254.5,64.5,0,2
-425.3684,-191.1579,0,2
44.7143,334.8571,0,5
99.1429,279.5,0,5
-459.3889,54.6111,0,2
-239.9412,485.4118,0,2
-423.875,122.4375,0,3
-477.4762,62.8571,0,2
-351.9333,271.2333,0,2
115.2941,-285.7059,0,2
-446.125,133.1875,0,5
-388.5,408.4286,0,2
-413.6667,374.2667,0,5
-289.9231,455.9231,0,2
